"id_str","twitter","bioid","name","gender","chamber","party","followers_count"
20209807,"AnderCrenshaw","C001045","Ander Crenshaw","M","rep","Republican",9107
234797704,"AustinScottGA08","S001189","Austin Scott","M","rep","Republican",8316
82453460,"BennieGThompson","T000193","Bennie G. Thompson","M","rep","Democrat",5002
516880804,"BettyMcCollum04","M001143","Betty McCollum","F","rep","Democrat",7211
74508260,"BillPascrell","P000096","Bill Pascrell Jr.","M","rep","Democrat",5362
137823987,"BlumenauerMedia","B000574","Earl Blumenauer","M","rep","Democrat",2799
15394954,"BobLatta","L000566","Robert E. Latta","M","rep","Republican",16478
30216513,"BradSherman","S000344","Brad Sherman","M","rep","Democrat",8641
305620929,"Call_Me_Dutch","R000576","C. A. Dutch Ruppersberger","M","rep","Democrat",6037
15281676,"CandiceMiller","M001150","Candice S. Miller","F","rep","Republican",9952
17976923,"CathyMcMorris","M001159","Cathy McMorris Rodgers","F","rep","Republican",24263
21312077,"CBRangel","R000053","Charles B. Rangel","M","rep","Democrat",24523
48086014,"ChakaFattah","F000043","Chaka Fattah","M","rep","Democrat",11592
14984637,"ChelliePingree","P000597","Chellie Pingree","F","rep","Democrat",12841
150078976,"ChrisMurphyCT","M001169","Christopher Murphy","M","sen","Democrat",41609
18137749,"ChrisVanHollen","V000128","Chris Van Hollen","M","rep","Democrat",25569
10615232,"ChuckGrassley","G000386","Chuck Grassley","M","sen","Republican",94236
188019606,"Clyburn","C000537","James E. Clyburn","M","rep","Democrat",29086
295685416,"ConawayTX11","C001062","K. Michael Conaway","M","rep","Republican",5358
25086658,"CongBillPosey","P000599","Bill Posey","M","rep","Republican",10263
24183358,"CongCulberson","C001048","John Abney Culberson","M","rep","Republican",7398
233761277,"CongHuelskamp","H001057","Tim Huelskamp","M","rep","Republican",13475
76132891,"CongMikeSimpson","S001148","Michael K. Simpson","M","rep","Republican",4135
299883942,"CongPalazzo","P000601","Steven M. Palazzo","M","rep","Republican",7267
242761889,"CongressmanDan","B001271","Dan Benishek","M","rep","Republican",9383
18967498,"CongressmanGT","T000467","Glenn Thompson","M","rep","Republican",11007
2975091705,"congressmanhice","H001071","Jody B. Hice","M","rep","Republican",1565
1089859058,"CongressmanRuiz","R000599","Raul Ruiz","M","rep","Democrat",3237
22831059,"CynthiaLummis","L000571","Cynthia M. Lummis","F","rep","Republican",12325
22509548,"DarrellIssa","I000056","Darrell E. Issa","M","rep","Republican",207625
510516465,"DaveLoebsack","L000565","David Loebsack","M","rep","Democrat",3424
16102244,"DaveReichert","R000578","David G. Reichert","M","rep","Republican",10486
235312723,"DesJarlaisTN04","D000616","Scott DesJarlais","M","rep","Republican",8026
3122099613,"DonaldNorcross","N000188","Donald Norcross","M","rep","Democrat",1029
38254095,"DorisMatsui","M001163","Doris O. Matsui","F","rep","Democrat",12245
52503751,"DrPhilRoe","R000582","David P. Roe","M","rep","Republican",9576
23600262,"EleanorNorton","N000147","Eleanor Holmes Norton","F","rep","Democrat",16720
17896154,"Farenthold","F000460","Blake Farenthold","M","rep","Republican",7907
31801993,"FrankPallone","P000034","Frank Pallone Jr.","M","rep","Democrat",15231
78445977,"GerryConnolly","C001078","Gerald E. Connolly","M","rep","Democrat",8896
432676344,"GKButterfield","B001251","G. K. Butterfield","M","rep","Democrat",6158
19739126,"GOPLeader","M001165","Kevin McCarthy","M","rep","Republican",67945
161411080,"GraceNapolitano","N000179","Grace F. Napolitano","F","rep","Democrat",8966
14845376,"GrahamBlog","G000359","Lindsey Graham","M","sen","Republican",92156
23712174,"GreggHarper","H001045","Gregg Harper","M","rep","Republican",12313
22812754,"GregoryMeeks","M001137","Gregory W. Meeks","M","rep","Democrat",11479
242926427,"HerreraBeutler","H001056","Jaime Herrera Beutler","F","rep","Republican",7309
2963445730,"hurdonthehill","H001073","Will Hurd","M","rep","Republican",3804
20546536,"InhofePress","I000024","James M. Inhofe","M","sen","Republican",11527
80612021,"JacksonLeeTX18","J000032","Sheila Jackson Lee","F","rep","Democrat",17773
31611298,"JAHimes","H001047","James A. Himes","M","rep","Democrat",19537
24195214,"JanSchakowsky","S001145","Janice D. Schakowsky","F","rep","Democrat",17290
15361570,"JaredPolis","P000598","Jared Polis","M","rep","Democrat",33756
17800215,"JasonInTheHouse","C001076","Jason Chaffetz","M","rep","Republican",102941
16056306,"JeffFlake","F000444","Jeff Flake","M","sen","Republican",28097
18805303,"JeffFortenberry","F000449","Jeff Fortenberry","M","rep","Republican",10907
18632666,"JerryMoran","M000934","Jerry Moran","M","sen","Republican",21298
18166778,"Jim_Jordan","J000289","Jim Jordan","M","rep","Republican",24851
18909919,"JimLangevin","L000559","James R. Langevin","M","rep","Democrat",11486
851621377,"JimPressOffice","S000244","F. James Sensenbrenner Jr.","M","rep","Republican",2552
231510077,"JoaquinCastrotx","C001091","Joaquin Castro","M","rep","Democrat",32671
5558312,"JohnBoozman","B001236","John Boozman","M","sen","Republican",25705
237770636,"JohnCarneyde","C001083","John C. Carney Jr.","M","rep","Democrat",9550
13218102,"JohnCornyn","C001056","John Cornyn","M","sen","Republican",71301
18030431,"JudgeCarter","C001051","John R. Carter","M","rep","Republican",11287
74198348,"JudgeTedPoe","P000592","Ted Poe","M","rep","Republican",14595
14135426,"KeithEllison","E000288","Keith Ellison","M","rep","Democrat",71240
1155212191,"KeithRothfus","R000598","Keith J. Rothfus","M","rep","Republican",3137
22545491,"KenCalvert","C000059","Ken Calvert","M","rep","Republican",5747
15856366,"LamarSmithTX21","S000583","Lamar Smith","M","rep","Republican",14173
18061669,"LisaMurkowski","M001153","Lisa Murkowski","F","sen","Republican",33098
108376246,"LorettaSanchez","S000030","Loretta Sanchez","F","rep","Democrat",17180
63169388,"LouiseSlaughter","S000480","Louise McIntosh Slaughter","F","rep","Democrat",12097
322013313,"LuisGutierrez","G000535","Luis V. Gutiérrez","M","rep","Democrat",589
377534571,"MacTXPress","T000238","Mac Thornberry","M","rep","Republican",4653
37094727,"MarioDB","D000600","Mario Diaz-Balart","M","rep","Republican",20243
402719755,"MarkAmodeiNV2","A000369","Mark E. Amodei","M","rep","Republican",6043
3047090620,"MarkeyMemo","M000133","Edward J. Markey","M","sen","Democrat",59
7429102,"MarkWarner","W000805","Mark R. Warner","M","sen","Democrat",55921
278145569,"MarshaBlackburn","B001243","Marsha Blackburn","F","rep","Republican",19368
1099199839,"MartinHeinrich","H001046","Martin Heinrich","M","sen","Democrat",9111
36686040,"MaxineWaters","W000187","Maxine Waters","F","rep","Democrat",29528
92186819,"MazieHirono","H001042","Mazie K. Hirono","F","sen","Democrat",15580
57065141,"McCaskillOffice","M001170","Claire McCaskill","F","sen","Democrat",6982
339822881,"McConnellPress","M000355","Mitch McConnell","M","sen","Republican",62032
15751083,"MichaelCBurgess","B001248","Michael C. Burgess","M","rep","Republican",15370
600463589,"MikeCrapo","C000880","Mike Crapo","M","sen","Republican",14184
935368364,"MikeKellyPA","K000376","Mike Kelly","M","rep","Republican",5650
15764644,"NancyPelosi","P000197","Nancy Pelosi","F","rep","Democrat",722010
242892689,"NikiInTheHouse","T000465","Niki Tsongas","F","rep","Democrat",9587
221792092,"NitaLowey","L000480","Nita M. Lowey","F","rep","Democrat",10889
236279233,"NormaJTorres","T000474","Norma J. Torres","F","rep","Democrat",3212
164369297,"NydiaVelazquez","V000081","Nydia M. Velázquez","F","rep","Democrat",8610
27676828,"PatrickMcHenry","M001156","Patrick T. McHenry","M","rep","Republican",15644
293131808,"PattyMurray","M001111","Patty Murray","F","sen","Democrat",40021
34972633,"PedroPierluisi","P000596","Pedro R. Pierluisi","M","rep","Democrat",44915
20015903,"PeterRoskam","R000580","Peter J. Roskam","M","rep","Republican",16521
1410590874,"PeterWelch","W000800","Peter Welch","M","rep","Democrat",4745
24735461,"PeteSessions","S000250","Pete Sessions","M","rep","Republican",16419
15160884,"Randy_Forbes","F000445","J. Randy Forbes","M","rep","Republican",15262
34340464,"RandyNeugebauer","N000182","Randy Neugebauer","M","rep","Republican",11209
246341769,"Raul_Labrador","L000573","Raúl R. Labrador","M","rep","Republican",9943
2193480787,"Rep_Albio_Sires","S001165","Albio Sires","M","rep","Democrat",29
344972339,"Rep_DevinNunes","N000181","Devin Nunes","M","rep","Republican",1051
1305596696,"Rep_Hunter","H001048","Duncan Hunter","M","rep","Republican",5168
339852137,"Rep_JaniceHahn","H001063","Janice Hahn","F","rep","Democrat",7855
234469322,"Rep_SteveWomack","W000809","Steve Womack","M","rep","Republican",9630
2962891515,"RepAbraham","A000374","Ralph Lee Abraham","M","rep","Republican",1579
2916086925,"RepAdams","A000370","Alma S. Adams","F","rep","Democrat",2028
29501253,"RepAdamSchiff","S001150","Adam B. Schiff","M","rep","Democrat",16296
58928690,"RepAdamSmith","S000510","Adam Smith","M","rep","Democrat",11417
296245061,"RepAdrianSmith","S001172","Adrian Smith","M","rep","Republican",4337
2964526557,"RepAlexMooney","M001195","Alexander X. Mooney","M","rep","Republican",2002
156333623,"RepAlGreen","G000553","Al Green","M","rep","Democrat",9462
3026622545,"RepAmata","R000600","Aumua Amata Coleman Radewagen","F","rep","Republican",309
199325935,"RepAndreCarson","C001072","André Carson","M","rep","Democrat",12609
1089334250,"RepAndyBarr","B001282","Andy Barr","M","rep","Republican",6442
960962340,"RepAndyHarrisMD","H001052","Andy Harris","M","rep","Republican",5332
249348006,"RepAnnaEshoo","E000215","Anna G. Eshoo","F","rep","Democrat",10734
1058717720,"RepAnnieKuster","K000382","Ann M. Kuster","F","rep","Democrat",7307
1051446626,"RepAnnWagner","W000812","Ann Wagner","F","rep","Republican",8395
248735463,"RepBarbaraLee","L000551","Barbara Lee","F","rep","Democrat",28161
1531521632,"RepBeatty","B001281","Joyce Beatty","F","rep","Democrat",4972
133832049,"RepBecerra","B000287","Xavier Becerra","M","rep","Democrat",20100
19318314,"RepBenRayLujan","L000570","Ben Ray Luján","M","rep","Democrat",9845
950783972,"RepBera","B001287","Ami Bera","M","rep","Democrat",8100
1134292500,"RepBetoORourke","O000170","Beto O'Rourke","M","rep","Democrat",13184
237312687,"RepBillFlores","F000461","Bill Flores","M","rep","Republican",10043
1080509366,"RepBillFoster","F000454","Bill Foster","M","rep","Democrat",5138
211530910,"RepBillJohnson","J000292","Bill Johnson","M","rep","Republican",10204
22527499,"RepBillShuster","S001154","Bill Shuster","M","rep","Republican",12508
1849261916,"RepBlainePress","L000569","Blaine Luetkemeyer","M","rep","Republican",2138
305216911,"RepBobbyRush","R000515","Bobby L. Rush","M","rep","Democrat",6038
161791703,"RepBobbyScott","S000185","Robert C. ""Bobby"" Scott","M","rep","Democrat",11531
234822928,"RepBobGibbs","G000563","Bob Gibbs","M","rep","Republican",9768
558769636,"RepBonamici","B001278","Suzanne Bonamici","F","rep","Democrat",5803
2964877294,"RepBost","B001295","Mike Bost","M","rep","Republican",1365
249339682,"RepBoustany","B001255","Charles W. Boustany Jr.","M","rep","Republican",6804
2964351843,"RepBradAshford","A000373","Brad Ashford","M","rep","Democrat",2650
518644221,"RepBradWenstrup","W000815","Brad R. Wenstrup","M","rep","Republican",4473
148453195,"RepBrady","B001227","Robert A. Brady","M","rep","Democrat",7403
231108733,"RepBrendanBoyle","B001296","Brendan F. Boyle","M","rep","Democrat",3158
2929491549,"RepBrianBabin","B001291","Brian Babin","M","rep","Republican",2227
33576489,"RepBrianHiggins","H001038","Brian Higgins","M","rep","Democrat",14405
2973870195,"RepBuddyCarter","C001103","Earl L. ""Buddy"" Carter","M","rep","Republican",1714
2253968388,"RepByrne","B001289","Bradley Byrne","M","rep","Republican",6059
1222257180,"RepCardenas","C001097","Tony Cárdenas","M","rep","Democrat",5209
776664410,"RepCartwright","C001090","Matt Cartwright","M","rep","Democrat",4273
1092979962,"RepCheri","B001286","Cheri Bustos","F","rep","Democrat",9299
1058256326,"RepChrisCollins","C001092","Chris Collins","M","rep","Republican",4149
234937222,"RepChrisGibson","G000564","Christopher P. Gibson","M","rep","Republican",8664
1289319271,"RepChrisSmith","S000522","Christopher H. Smith","M","rep","Republican",4083
1072008757,"RepChrisStewart","S001192","Chris Stewart","M","rep","Republican",4051
235190657,"RepChuck","F000459","Charles J. ""Chuck"" Fleischmann","M","rep","Republican",6894
462143773,"RepCicilline","C001084","David N. Cicilline","M","rep","Democrat",3421
163570705,"RepCleaver","C001061","Emanuel Cleaver","M","rep","Democrat",15706
162069635,"RepCohen","C001068","Steve Cohen","M","rep","Democrat",13602
2933760046,"RepComstock","C001105","Barbara Comstock","F","rep","Republican",2548
292935209,"RepCorrineBrown","B000911","Corrine Brown","F","rep","Democrat",8614
210926192,"RepCuellar","C001063","Henry Cuellar","M","rep","Democrat",10671
787373558,"RepCummings","C000984","Elijah E. Cummings","M","rep","Democrat",16691
2853309155,"RepCurbelo","C001107","Carlos Curbelo","M","rep","Republican",4240
2730150631,"RepCurtClawson","C001102","Curt Clawson","M","rep","Republican",2096
3353670647,"RepDanDonovan","D000625","Daniel M. Donovan Jr.","M","rep","Republican",302
1045110018,"RepDanKildee","K000380","Daniel T. Kildee","M","rep","Democrat",16646
789244177,"RepDannyDavis","D000096","Danny K. Davis","M","rep","Democrat",2167
2560169238,"RepDaveBrat","B001290","Dave Brat","M","rep","Republican",2567
976969338,"RepDaveJoyce","J000295","David P. Joyce","M","rep","Republican",4320
2869746172,"repdavetrott","T000475","David A. Trott","M","rep","Republican",1636
229197216,"RepDavid","S001183","David Schweikert","M","rep","Republican",11939
155669457,"RepDavidEPrice","P000523","David E. Price","M","rep","Democrat",8307
834069080,"RepDavidRouzer","R000603","David Rouzer","M","rep","Republican",1723
168673083,"RepDavidScott","S001157","David Scott","M","rep","Democrat",8532
1128514404,"RepDavidValadao","V000129","David G. Valadao","M","rep","Republican",4118
314205957,"RepDavidYoung","Y000066","David Young","M","rep","Republican",2851
2970279814,"RepDebDingell","D000624","Debbie Dingell","F","rep","Democrat",6852
995193054,"RepDelBene","D000617","Suzan K. DelBene","F","rep","Democrat",7492
33655490,"RepDennisRoss","R000593","Dennis A. Ross","M","rep","Republican",9224
1068499286,"RepDennyHeck","H001064","Denny Heck","M","rep","Democrat",4033
1058917562,"RepDerekKilmer","K000381","Derek Kilmer","M","rep","Democrat",5716
1058807868,"RepDeSantis","D000621","Ron DeSantis","M","rep","Republican",7539
2968007206,"RepDeSaulnier","D000623","Mark DeSaulnier","M","rep","Democrat",1457
28599820,"RepDianaDeGette","D000197","Diana DeGette","F","rep","Democrat",15712
110545675,"RepDianeBlack","B001273","Diane Black","F","rep","Republican",12244
122174004,"RepDinaTitus","T000468","Dina Titus","F","rep","Democrat",7619
584012853,"RepDLamborn","L000564","Doug Lamborn","M","rep","Republican",5128
245408102,"RepDold","D000613","Robert J. Dold","M","rep","Republican",4265
1155335864,"RepDonaldPayne","P000604","Donald M. Payne Jr.","M","rep","Democrat",3533
2962868158,"repdonbeyer","B001292","Donald S. Beyer Jr.","M","rep","Democrat",2676
82649553,"RepDonnaEdwards","E000290","Donna F. Edwards","F","rep","Democrat",20291
37007274,"RepDonYoung","Y000033","Don Young","M","rep","Republican",9457
1060487274,"RepDougCollins","C001093","Doug Collins","M","rep","Republican",4632
1058520120,"RepDuckworth","D000622","Tammy Duckworth","F","rep","Democrat",12129
1140648348,"RepDWStweets","W000797","Debbie Wasserman Schultz","F","rep","Democrat",6821
168502762,"RepEBJ","J000126","Eddie Bernice Johnson","F","rep","Democrat",12593
246769138,"RepEdRoyce","R000487","Edward R. Royce","M","rep","Republican",13105
234906311,"RepEdWhitfield","W000413","Ed Whitfield","M","rep","Republican",5572
164007407,"RepEliotEngel","E000179","Eliot L. Engel","M","rep","Democrat",9412
17513304,"RepErikPaulsen","P000594","Erik Paulsen","M","rep","Republican",12547
1060984272,"RepEsty","E000293","Elizabeth H. Esty","F","rep","Democrat",6762
2953713339,"RepEvanJenkins","J000297","Evan H. Jenkins","M","rep","Republican",2212
1083448909,"RepFilemonVela","V000132","Filemon Vela","M","rep","Democrat",3624
249219716,"RepFincherTN08","F000458","Stephen Lee Fincher","M","rep","Republican",8033
237944147,"RepFitzpatrick","F000451","Michael G. Fitzpatrick","M","rep","Republican",9280
84620376,"RepFleming","F000456","John Fleming","M","rep","Republican",11088
236960387,"RepFrankGuinta","G000570","Frank C. Guinta","M","rep","Republican",4344
242772524,"RepFrankLucas","L000491","Frank D. Lucas","M","rep","Republican",3612
124224165,"RepFredUpton","U000031","Fred Upton","M","rep","Republican",14136
2953974395,"RepFrenchHill","H001072","J. French Hill","M","rep","Republican",2202
88806753,"RepGaramendi","G000559","John Garamendi","M","rep","Democrat",12360
2951574214,"RepGarretGraves","G000577","Garret Graves","M","rep","Republican",1721
960696949,"RepGarrett","G000548","Scott Garrett","M","rep","Republican",4763
111635527,"RepGeneGreen","G000410","Gene Green","M","rep","Democrat",7691
37920978,"RepGoodlatte","G000289","Bob Goodlatte","M","rep","Republican",16167
240760644,"RepGosar","G000565","Paul A. Gosar","M","rep","Republican",14773
1051127714,"RepGraceMeng","M001188","Grace Meng","F","rep","Democrat",6784
32010840,"RepGregWalden","W000791","Greg Walden","M","rep","Republican",12882
2976606250,"RepGrothman","G000576","Glenn Grothman","M","rep","Republican",1124
26051676,"RepGusBilirakis","B001257","Gus M. Bilirakis","M","rep","Republican",12476
1908143071,"RepGuthrie","G000558","Brett Guthrie","M","rep","Republican",1873
2962681881,"RepGwenGraham","G000575","Gwen Graham","F","rep","Democrat",2300
22669526,"RepGwenMoore","M001160","Gwen Moore","F","rep","Democrat",13024
550401754,"RepHalRogers","R000395","Harold Rogers","M","rep","Republican",5984
24745957,"RepHankJohnson","J000288","Henry C. ""Hank"" Johnson Jr.","M","rep","Democrat",13397
2964222544,"RepHardy","H001070","Cresent Hardy","M","rep","Republican",1824
237763317,"RepHartzler","H001053","Vicky Hartzler","F","rep","Republican",9004
2433737761,"RepHastingsFL","H000324","Alcee L. Hastings","M","rep","Democrat",2415
18566912,"RepHensarling","H001036","Jeb Hensarling","M","rep","Republican",13369
1058460818,"RepHolding","H001065","George Holding","M","rep","Republican",5155
1071102246,"RepHuffman","H001068","Jared Huffman","M","rep","Democrat",5617
233949261,"RepHuizenga","H001058","Bill Huizenga","M","rep","Republican",10216
237814920,"RepHultgren","H001059","Randy Hultgren","M","rep","Republican",8714
1623308912,"RepJasonSmith","S001195","Jason Smith","M","rep","Republican",3832
1092757885,"RepJBridenstine","B001283","Jim Bridenstine","M","rep","Republican",16969
248699486,"RepJeffDenham","D000612","Jeff Denham","M","rep","Republican",9901
240393970,"RepJeffDuncan","D000615","Jeff Duncan","M","rep","Republican",29185
467823431,"RepJeffries","J000294","Hakeem S. Jeffries","M","rep","Democrat",8265
40302336,"RepJerryNadler","N000002","Jerrold Nadler","M","rep","Democrat",9258
22523087,"RepJimCooper","C000754","Jim Cooper","M","rep","Democrat",7657
245451804,"RepJimCosta","C001059","Jim Costa","M","rep","Democrat",4478
132201224,"RepJimMcDermott","M000404","Jim McDermott","M","rep","Democrat",12702
236916916,"RepJimRenacci","R000586","James B. Renacci","M","rep","Republican",9645
19929362,"RepJoeBarton","B000213","Joe Barton","M","rep","Republican",15831
85396297,"RepJoeCourtney","C001069","Joe Courtney","M","rep","Democrat",11013
111635980,"RepJoeCrowley","C001038","Joseph Crowley","M","rep","Democrat",9389
222286905,"RepJoeHeck","H001055","Joseph J. Heck","M","rep","Republican",9031
1055907624,"RepJoeKennedy","K000379","Joseph P. Kennedy III","M","rep","Democrat",18509
198526130,"RepJoePitts","P000373","Joseph R. Pitts","M","rep","Republican",7915
254082173,"RepJoeWilson","W000795","Joe Wilson","M","rep","Republican",5066
138770045,"RepJohnConyers","C000714","John Conyers Jr.","M","rep","Democrat",18477
937723303,"RepJohnDelaney","D000620","John K. Delaney","M","rep","Democrat",5126
1883356866,"RepJohnDuncanJr","D000533","John J. Duncan Jr.","M","rep","Republican",2063
2966765501,"RepJohnKatko","K000386","John Katko","M","rep","Republican",1966
76350004,"RepJohnKline","K000363","John Kline","M","rep","Republican",8081
50452197,"RepJohnLarson","L000557","John B. Larson","M","rep","Democrat",10978
29450962,"RepJohnLewis","L000287","John Lewis","M","rep","Democrat",94319
384913290,"RepJohnYarmuth","Y000062","John A. Yarmuth","M","rep","Democrat",9864
33563161,"RepJoseSerrano","S000248","José E. Serrano","M","rep","Democrat",13114
1260172386,"RepJuanVargas","V000130","Juan Vargas","M","rep","Democrat",4422
193732179,"RepJudyChu","C001080","Judy Chu","F","rep","Democrat",13315
239949176,"RepKarenBass","B001270","Karen Bass","F","rep","Democrat",24228
2970462034,"RepKathleenRice","R000602","Kathleen M. Rice","F","rep","Democrat",2893
161743731,"RepKayGranger","G000377","Kay Granger","F","rep","Republican",9325
2293131060,"RepKClark","C001101","Katherine M. Clark","F","rep","Democrat",13219
2862577383,"RepKenBuck","B001297","Ken Buck","M","rep","Republican",2246
23976316,"RepKenMarchant","M001158","Kenny Marchant","M","rep","Republican",13509
19926675,"RepKevinBrady","B000755","Kevin Brady","M","rep","Republican",14729
1048784496,"RepKevinCramer","C001096","Kevin Cramer","M","rep","Republican",4832
252819642,"RepKevinYoder","Y000063","Kevin Yoder","M","rep","Republican",9675
219429281,"RepKinzinger","K000378","Adam Kinzinger","M","rep","Republican",15739
1090002997,"RepKirkpatrick","K000368","Ann Kirkpatrick","F","rep","Democrat",6732
235251868,"RepKristiNoem","N000184","Kristi L. Noem","F","rep","Republican",16805
1069124515,"RepLaMalfa","L000578","Doug LaMalfa","M","rep","Republican",2985
613725908,"RepLanceNJ7","L000567","Leonard Lance","M","rep","Republican",3940
234812598,"RepLarryBucshon","B001275","Larry Bucshon","M","rep","Republican",9066
2863006655,"RepLawrence","L000581","Brenda L. Lawrence","F","rep","Democrat",2452
2750127259,"RepLeeZeldin","Z000017","Lee M. Zeldin","M","rep","Republican",1807
312134473,"RepLindaSanchez","S001156","Linda T. Sánchez","F","rep","Democrat",9156
1009269193,"RepLipinski","L000563","Daniel Lipinski","M","rep","Democrat",3219
153944899,"RepLloydDoggett","D000399","Lloyd Doggett","M","rep","Democrat",11464
241207373,"RepLoBiondo","L000554","Frank A. LoBiondo","M","rep","Republican",6997
292990703,"RepLoisCapps","C001036","Lois Capps","F","rep","Democrat",8810
1077121945,"RepLoisFrankel","F000462","Lois Frankel","F","rep","Democrat",6100
239871673,"RepLouBarletta","B001269","Lou Barletta","M","rep","Republican",9359
2914163523,"RepLoudermilk","L000583","Barry Loudermilk","M","rep","Republican",2113
22055226,"RepLouieGohmert","G000552","Louie Gohmert","M","rep","Republican",53871
1055730738,"RepLowenthal","L000579","Alan S. Lowenthal","M","rep","Democrat",6071
1061385474,"RepLujanGrisham","L000580","Michelle Lujan Grisham","F","rep","Democrat",9363
1045853744,"RepLukeMesser","M001189","Luke Messer","M","rep","Republican",5394
19658173,"RepLynnJenkins","J000290","Lynn Jenkins","F","rep","Republican",15467
258900199,"RepMaloney","M000087","Carolyn B. Maloney","F","rep","Democrat",10904
153486399,"RepMarciaFudge","F000455","Marcia L. Fudge","F","rep","Democrat",15583
581141508,"RepMarcyKaptur","K000009","Marcy Kaptur","F","rep","Democrat",5868
963480595,"RepMarkMeadows","M001187","Mark Meadows","M","rep","Republican",10374
1206227149,"RepMarkPocan","P000607","Mark Pocan","M","rep","Democrat",6572
2975350155,"RepMarkTakai","T000473","Mark Takai","M","rep","Democrat",1617
1037321378,"RepMarkTakano","T000472","Mark Takano","M","rep","Democrat",10182
2966205003,"RepMarkWalker","W000819","Mark Walker","M","rep","Republican",2814
224294785,"RepMarthaRoby","R000591","Martha Roby","F","rep","Republican",15932
1072382221,"RepMattSalmon","S000018","Matt Salmon","M","rep","Republican",8235
26424123,"RepMcCaul","M001157","Michael T. McCaul","M","rep","Republican",10196
50152441,"RepMcClintock","M001177","Tom McClintock","M","rep","Republican",8991
242426145,"RepMcGovern","M000312","James P. McGovern","M","rep","Democrat",14601
240427862,"RepMcKinley","M001180","David B. McKinley","M","rep","Republican",9191
385429543,"RepMcNerney","M001166","Jerry McNerney","M","rep","Democrat",6034
2964949642,"RepMcSally","M001197","Martha McSally","F","rep","Republican",3313
248850174,"RepMeehan","M001181","Patrick Meehan","M","rep","Republican",8787
234057152,"RepMGriffith","G000568","H. Morgan Griffith","M","rep","Republican",9108
2976598347,"repmialove","L000584","Mia B. Love","F","rep","Republican",5446
240385577,"RepMickMulvaney","M001182","Mick Mulvaney","M","rep","Republican",10428
2914571740,"RepMikeBishop","B001293","Mike Bishop","M","rep","Republican",2251
19407835,"RepMikeCoffman","C001077","Mike Coffman","M","rep","Republican",15436
16583468,"RepMikeHonda","H001034","Michael M. Honda","M","rep","Democrat",19617
244268646,"RepMikePompeo","P000602","Mike Pompeo","M","rep","Republican",10199
56864092,"RepMikeQuigley","Q000023","Mike Quigley","M","rep","Democrat",11720
33977070,"RepMikeRogersAL","R000575","Mike Rogers","M","rep","Republican",12494
51228911,"RepMikeTurner","T000463","Michael R. Turner","M","rep","Republican",7276
47798449,"RepMimiWalters","W000820","Mimi Walters","F","rep","Republican",4423
237299871,"RepMoBrooks","B001274","Mo Brooks","M","rep","Republican",9405
2696643955,"RepMoolenaar","M001194","John R. Moolenaar","M","rep","Republican",1480
1060370282,"RepMullin","M001190","Markwayne Mullin","M","rep","Republican",5927
1128781184,"RepMurphyFL","M001191","Patrick Murphy","M","rep","Democrat",6455
2930635215,"RepNewhouse","N000189","Dan Newhouse","M","rep","Republican",1825
1074412920,"RepPaulCook","C001094","Paul Cook","M","rep","Republican",3875
84119348,"RepPaulTonko","T000469","Paul Tonko","M","rep","Democrat",11024
20552026,"RepPerlmutter","P000593","Ed Perlmutter","M","rep","Democrat",12514
3018670151,"reppeteaguilar","A000371","Pete Aguilar","M","rep","Democrat",1847
18277655,"RepPeteKing","K000210","Peter T. King","M","rep","Republican",20721
20053279,"RepPeteOlson","O000168","Pete Olson","M","rep","Republican",5380
252249233,"RepPeterDeFazio","D000191","Peter A. DeFazio","M","rep","Democrat",10613
950328072,"RepPittenger","P000606","Robert Pittenger","M","rep","Republican",4732
2932617195,"RepPoliquin","P000611","Bruce Poliquin","M","rep","Republican",1774
2847221717,"RepRatcliffe","R000601","John Ratcliffe","M","rep","Republican",1769
28602948,"RepraulGrijalva","G000551","Raúl M. Grijalva","M","rep","Democrat",15897
213634439,"RepReneeEllmers","E000291","Renee L. Ellmers","F","rep","Republican",15889
234053893,"RepRibble","R000587","Reid J. Ribble","M","rep","Republican",8559
236899846,"RepRichardHanna","H001051","Richard L. Hanna","M","rep","Republican",9059
442824717,"RepRichardNeal","N000015","Richard E. Neal","M","rep","Democrat",4644
935033864,"RepRichHudson","H001067","Richard Hudson","M","rep","Republican",6290
267854863,"RepRichmond","R000588","Cedric L. Richmond","M","rep","Democrat",8146
236479311,"RepRichNugent","N000185","Richard B. Nugent","M","rep","Republican",3072
2964287128,"reprickallen","A000372","Rick W. Allen","M","rep","Republican",1555
233693291,"RepRickCrawford","C001087","Eric A. ""Rick"" Crawford","M","rep","Republican",9328
404132211,"RepRickLarsen","L000560","Rick Larsen","M","rep","Democrat",5633
148006729,"RepRobBishop","B001250","Rob Bishop","M","rep","Republican",1683
234837632,"RepRobertHurt","H001060","Robert Hurt","M","rep","Republican",8984
1339931490,"RepRobinKelly","K000385","Robin L. Kelly","F","rep","Democrat",3417
2382685057,"RepRobWoodall","W000810","Rob Woodall","M","rep","Republican",1372
2965083477,"RepRodBlum","B001294","Rod Blum","M","rep","Republican",2815
112740986,"RepRonKind","K000188","Ron Kind","M","rep","Democrat",7425
479872233,"RepRoybalAllard","R000486","Lucille Roybal-Allard","F","rep","Democrat",5132
2966570782,"RepRubenGallego","G000574","Ruben Gallego","M","rep","Democrat",3632
2966758114,"RepRussell","R000604","Steve Russell","M","rep","Republican",1665
1077446982,"RepRWilliams","W000816","Roger Williams","M","rep","Republican",2969
2953922782,"RepRyanCostello","C001106","Ryan A. Costello","M","rep","Republican",2100
2953494478,"RepRyanZinke","Z000018","Ryan K. Zinke","M","rep","Republican",3372
158398519,"RepSamFarr","F000030","Sam Farr","M","rep","Democrat",10544
29766367,"RepSamGraves","G000546","Sam Graves","M","rep","Republican",10549
25781141,"RepSandyLevin","L000263","Sander M. Levin","M","rep","Democrat",18637
1499993378,"RepSanfordSC","S000051","Mark Sanford","M","rep","Republican",2468
20545793,"RepSchrader","S001180","Kurt Schrader","M","rep","Democrat",10306
18773159,"RepScottPerry","P000605","Scott Perry","M","rep","Republican",6052
1135486501,"RepScottPeters","P000608","Scott H. Peters","M","rep","Democrat",5985
221793778,"RepScottRigell","R000589","E. Scott Rigell","M","rep","Republican",10454
234022257,"RepSeanDuffy","D000614","Sean P. Duffy","M","rep","Republican",15522
1072467470,"RepSeanMaloney","M001185","Sean Patrick Maloney","M","rep","Democrat",4712
15600527,"RepShimkus","S000364","John Shimkus","M","rep","Republican",13799
1080844782,"RepSinema","S001191","Kyrsten Sinema","F","rep","Democrat",11110
24913074,"RepSpeier","S001175","Jackie Speier","F","rep","Democrat",22289
2962813893,"RepStefanik","S001196","Elise M. Stefanik","F","rep","Republican",3850
310310133,"RepStephenLynch","L000562","Stephen F. Lynch","M","rep","Democrat",6628
237750442,"RepSteveChabot","C000266","Steve Chabot","M","rep","Republican",10971
20002401,"RepSteveIsrael","I000057","Steve Israel","M","rep","Democrat",16797
235271965,"RepStevePearce","P000588","Stevan Pearce","M","rep","Republican",7368
211420609,"RepSteveStivers","S001187","Steve Stivers","M","rep","Republican",10177
211901075,"RepStutzman","S001188","Marlin A. Stutzman","M","rep","Republican",6933
432771620,"RepSusanDavis","D000598","Susan A. Davis","F","rep","Democrat",4742
942156122,"RepSwalwell","S001193","Eric Swalwell","M","rep","Democrat",11554
137794015,"RepTedDeutch","D000610","Theodore E. Deutch","M","rep","Democrat",11394
3044993235,"RepTedLieu","L000582","Ted Lieu","M","rep","Democrat",3501
1071900114,"RepTedYoho","Y000065","Ted S. Yoho","M","rep","Republican",5712
381152398,"RepTerriSewell","S001185","Terri A. Sewell","F","rep","Democrat",11019
975200486,"RepThomasMassie","M001184","Thomas Massie","M","rep","Republican",15169
303861808,"RepThompson","T000460","Mike Thompson","M","rep","Democrat",4824
117777832,"RepTimMurphy","M001151","Tim Murphy","M","rep","Republican",9642
13491312,"RepTimRyan","R000577","Tim Ryan","M","rep","Democrat",25197
1262814457,"RepTimWalz","W000799","Timothy J. Walz","M","rep","Democrat",3275
242873057,"RepTipton","T000470","Scott R. Tipton","M","rep","Republican",8278
234128524,"RepToddYoung","Y000064","Todd C. Young","M","rep","Republican",8954
2914515430,"RepTomEmmer","E000294","Tom Emmer","M","rep","Republican",2017
190328374,"RepTomGraves","G000560","Tom Graves","M","rep","Republican",10903
2962994194,"RepTomMacArthur","M001193","Thomas MacArthur","M","rep","Republican",1815
240363117,"RepTomMarino","M001179","Tom Marino","M","rep","Republican",12958
6577802,"RepTomPrice","P000591","Tom Price","M","rep","Republican",24692
252819323,"RepTomReed","R000585","Tom Reed","M","rep","Republican",7451
1058345042,"RepTomRice","R000597","Tom Rice","M","rep","Republican",4460
24773493,"RepTrentFranks","F000448","Trent Franks","M","rep","Republican",18528
1074129612,"RepVeasey","V000131","Marc A. Veasey","M","rep","Democrat",5667
193872188,"RepVisclosky","V000108","Peter J. Visclosky","M","rep","Democrat",5408
237862972,"RepWalberg","W000798","Tim Walberg","M","rep","Republican",8372
1065995022,"RepWalorski","W000813","Jackie Walorski","F","rep","Republican",5314
26778110,"RepWalterJones","J000255","Walter B. Jones","M","rep","Republican",13573
281540744,"RepWebster","W000806","Daniel Webster","M","rep","Republican",7840
2852998461,"RepWesterman","W000821","Bruce Westerman","M","rep","Republican",2199
137407124,"RepWestmoreland","W000796","Lynn A. Westmoreland","M","rep","Republican",9348
234014087,"RepWilson","W000808","Frederica S. Wilson","F","rep","Democrat",10807
267938462,"RepZoeLofgren","L000397","Zoe Lofgren","F","rep","Democrat",7691
76452765,"Robert_Aderholt","A000055","Robert B. Aderholt","M","rep","Republican",9228
15356407,"RobWittman","W000804","Robert J. Wittman","M","rep","Republican",16185
993153006,"RodneyDavis","D000619","Rodney Davis","M","rep","Republican",5937
250188760,"RonWyden","W000779","Ron Wyden","M","sen","Democrat",39605
140519774,"RosaDeLauro","D000216","Rosa L. DeLauro","F","rep","Democrat",16914
14275291,"RosLehtinen","R000435","Ileana Ros-Lehtinen","F","rep","Republican",75671
21269970,"RoyBlunt","B000575","Roy Blunt","M","sen","Republican",38731
249288197,"SamsPressShop","J000174","Sam Johnson","M","rep","Republican",4165
249410485,"SanfordBishop","B000490","Sanford D. Bishop Jr.","M","rep","Democrat",7995
234374703,"Sen_JoeManchin","M001183","Joe Manchin, III","M","sen","Democrat",34517
76649729,"SenAlexander","A000360","Lamar Alexander","M","sen","Republican",32417
1074518754,"SenatorBaldwin","B001230","Tammy Baldwin","F","sen","Democrat",17210
132278386,"SenatorBarb","M000702","Barbara A. Mikulski","F","sen","Democrat",40845
15442036,"SenatorBoxer","B000711","Barbara Boxer","F","sen","Democrat",70346
21157904,"SenatorBurr","B001135","Richard Burr","M","sen","Republican",34766
117501995,"SenatorCantwell","C000127","Maria Cantwell","F","sen","Democrat",18956
109071031,"SenatorCardin","C000141","Benjamin L. Cardin","M","sen","Democrat",32161
249787913,"SenatorCarper","C000174","Thomas R. Carper","M","sen","Democrat",17565
19726613,"SenatorCollins","C001035","Susan M. Collins","F","sen","Republican",39817
247334603,"SenatorDurbin","D000563","Richard J. Durbin","M","sen","Democrat",62081
291756142,"SenatorEnzi","E000285","Michael B. Enzi","M","sen","Republican",15416
1071402577,"SenatorFischer","F000463","Deb Fischer","F","sen","Republican",13264
1061029050,"SenatorHeitkamp","H001069","Heidi Heitkamp","F","sen","Democrat",16006
78403308,"SenatorIsakson","I000055","Johnny Isakson","M","sen","Republican",22197
211588974,"SenatorKirk","K000360","Mark Kirk","M","sen","Republican",39505
225921757,"SenatorLankford","L000575","James Lankford","M","sen","Republican",16182
242836537,"SenatorLeahy","L000174","Patrick J. Leahy","M","sen","Democrat",34179
18695134,"SenatorMenendez","M000639","Robert Menendez","M","sen","Democrat",52242
16789970,"SenatorReid","R000146","Harry Reid","M","sen","Democrat",305128
1096059529,"SenatorRisch","R000584","James E. Risch","M","sen","Republican",11277
2955485182,"SenatorRounds","R000605","Mike Rounds","M","sen","Republican",4030
47975734,"SenatorSessions","S001141","Jeff Sessions","M","sen","Republican",46142
109287731,"SenatorShaheen","S001181","Jeanne Shaheen","F","sen","Democrat",25015
515822213,"SenatorTester","T000464","Jon Tester","M","sen","Democrat",5130
217543151,"SenatorTimScott","S001184","Tim Scott","M","sen","Republican",108871
60828944,"SenatorTomUdall","U000039","Tom Udall","M","sen","Democrat",21022
264219447,"SenatorWicker","W000437","Roger F. Wicker","M","sen","Republican",19001
224285242,"SenBennetCo","B001267","Michael F. Bennet","M","sen","Democrat",24676
20597460,"SenBillNelson","N000032","Bill Nelson","M","sen","Democrat",42106
278124059,"SenBlumenthal","B001277","Richard Blumenthal","M","sen","Democrat",31218
171598736,"SenBobCasey","C001070","Robert P. Casey, Jr.","M","sen","Democrat",28339
73303753,"SenBobCorker","C001071","Bob Corker","M","sen","Republican",46194
2167097881,"SenBookerOfc","B001288","Cory A. Booker","M","sen","Democrat",2349
1262099252,"SenBrianSchatz","S001194","Brian Schatz","M","sen","Democrat",6271
193794406,"SenCapito","C001047","Shelley Moore Capito","F","sen","Republican",14918
435500714,"SenCoonsOffice","C001088","Christopher A. Coons","M","sen","Democrat",4098
235217558,"SenCoryGardner","G000562","Cory Gardner","M","sen","Republican",13330
212262370,"SenDanCoats","C000542","Daniel Coats","M","sen","Republican",23585
2891210047,"SenDanSullivan","S001198","Daniel Sullivan","M","sen","Republican",2734
2863210809,"sendavidperdue","P000612","David Perdue","M","sen","Republican",5382
266133081,"SenDeanHeller","H001041","Dean Heller","M","sen","Republican",20852
216503958,"SenDonnelly","D000607","Joe Donnelly","M","sen","Democrat",18858
476256944,"SenFeinstein","F000062","Dianne Feinstein","F","sen","Democrat",64412
236511574,"SenGaryPeters","P000595","Gary Peters","M","sen","Democrat",11883
72198806,"SenGillibrand","G000555","Kirsten E. Gillibrand","F","sen","Democrat",159854
486694111,"SenJackReed","R000122","Jack Reed","M","sen","Democrat",16285
29201047,"SenJeffMerkley","M001176","Jeff Merkley","M","sen","Democrat",37368
202206694,"SenJohnBarrasso","B001261","John Barrasso","M","sen","Republican",23542
382791093,"SenJohnHoeven","H001061","John Hoeven","M","sen","Republican",14885
19394188,"SenJohnMcCain","M000303","John McCain","M","sen","Republican",1988092
296361085,"SenJohnThune","T000250","John Thune","M","sen","Republican",40346
2856787757,"SenJoniErnst","E000295","Joni Ernst","F","sen","Republican",9186
1267940407,"SenKaineOffice","K000384","Tim Kaine","M","sen","Democrat",3496
88784440,"SenMikeLee","L000577","Mike Lee","M","sen","Republican",204352
262756641,"SenOrrinHatch","H000338","Orrin G. Hatch","M","sen","Republican",15236
75364211,"SenPatRoberts","R000307","Pat Roberts","M","sen","Republican",19003
18915145,"SenRobPortman","P000449","Rob Portman","M","sen","Republican",48854
233737858,"SenRonJohnson","J000293","Ron Johnson","M","sen","Republican",30955
229966028,"SenRubioPress","R000595","Marco Rubio","M","sen","Republican",19715
29442313,"SenSanders","S000033","Bernard Sanders","M","sen","Independent",1203064
2962923040,"SenSasse","S001197","Ben Sasse","M","sen","Republican",6303
17494010,"SenSchumer","S000148","Charles E. Schumer","M","sen","Democrat",125204
21111098,"SenShelby","S000320","Richard C. Shelby","M","sen","Republican",21047
43910797,"SenSherrodBrown","B000944","Sherrod Brown","M","sen","Democrat",53023
76456274,"SenStabenow","S000770","Debbie Stabenow","F","sen","Democrat",23068
1074480192,"SenTedCruz","C001098","Ted Cruz","M","sen","Republican",647230
555474658,"SenThadCochran","C000567","Thad Cochran","M","sen","Republican",17776
2964174789,"senthomtillis","T000476","Thom Tillis","M","sen","Republican",7051
968650362,"SenTomCotton","C001095","Tom Cotton","M","sen","Republican",34346
221162525,"SenToomey","T000461","Patrick J. Toomey","M","sen","Republican",37709
970207298,"SenWarren","W000817","Elizabeth Warren","F","sen","Democrat",413181
242555999,"SenWhitehouse","W000802","Sheldon Whitehouse","M","sen","Democrat",24954
18916432,"SpeakerRyan","R000570","Paul Ryan","M","rep","Republican",550378
2724095695,"staceyplaskett","P000610","Stacey E. Plaskett","F","rep","Democrat",1056
11651202,"SteveDaines","D000618","Steve Daines","M","sen","Republican",6490
48117116,"SteveKingIA","K000362","Steve King","M","rep","Republican",27298
2974648323,"SteveKnight25","K000387","Stephen Knight","M","rep","Republican",730
1209417007,"SteveScalise","S001176","Steve Scalise","M","rep","Republican",13171
1074101017,"SusanWBrooks","B001284","Susan W. Brooks","F","rep","Republican",6446
3091316093,"teammoulton","M001196","Seth Moulton","M","rep","Democrat",1737
237348797,"TGowdySC","G000566","Trey Gowdy","M","rep","Republican",248654
3145255727,"TiberiPress","T000462","Patrick J. Tiberi","M","rep","Republican",8
17544524,"ToddRokita","R000592","Todd Rokita","M","rep","Republican",11588
23124635,"TomColeOK04","C001053","Tom Cole","M","rep","Republican",7871
23970171,"TomRooney","R000583","Thomas J. Rooney","M","rep","Republican",14389
1064206014,"TulsiPress","G000571","Tulsi Gabbard","F","rep","Democrat",14045
1058051748,"TXRandy14","W000814","Randy K. Weber Sr.","M","rep","Republican",4904
2482022082,"USRepDavidJolly","J000296","David W. Jolly","M","rep","Republican",2370
2861616083,"USRepGaryPalmer","P000609","Gary J. Palmer","M","rep","Republican",2308
1880674038,"USRepKCastor","C001066","Kathy Castor","F","rep","Democrat",3298
232992031,"USRepKeating","K000375","William R. Keating","M","rep","Democrat",6111
1444015610,"USRepLong","L000576","Billy Long","M","rep","Republican",3618
39249305,"USRepMikeDoyle","D000482","Michael F. Doyle","M","rep","Democrat",7694
239905257,"USRepRHinojosa","H000636","Rubén Hinojosa","M","rep","Democrat",8023
1055685948,"USRepRickNolan","N000127","Richard M. Nolan","M","rep","Democrat",4702
1382011333,"USRepRodney","F000372","Rodney P. Frelinghuysen","M","rep","Republican",2492
20467163,"VernBuchanan","B001260","Vern Buchanan","M","rep","Republican",16916
16256269,"VirginiaFoxx","F000450","Virginia Foxx","F","rep","Republican",13577
22012091,"WhipHoyer","H000874","Steny H. Hoyer","M","rep","Democrat",53433
240812994,"YvetteClarke","C001067","Yvette D. Clarke","F","rep","Democrat",12680
